inspect,examine,observe,analyze,scrutinize,scan,review,assess,check,investigate,look over,evaluate,study,peruse,monitor,anatomize,look
use,employ,utilize,apply,exploit,operate,wield,exercise,consume,administer,adopt,handle,implement,make use of,leverage,avail oneself of,take advantage of
fix,repair,mend,restore,rectify,correct,adjust,patch,remedy,resolve,overhaul,recondition,tweak,amend,troubleshoot,refurbish,plug
open,unlock,,,,,,,,,,,,,,,
hit,punch,strike,whack,attack,,,,,,,,,,,,
knock,,,,,,,,,,,,,,,,
shoot,fire,,,,,,,,,,,,,,,
call,dial,,,,,,,,,,,,,,,
text,message,,,,,,,,,,,,,,,
go,,,,,,,,,,,,,,,,
take,,,,,,,,,,,,,,,,
question,ask,talk to,interview,interrogate,,,,,,,,,,,,
show,take a picture of,send a picture of,send an image of,show me,,,,,,,,,,,,
scan,look around,,,,,,,,,,,,,,,
